{"ProjectWatches":"{\"Value\":[{\"Id\":\"9250339b-9277-49b0-8e7c-2e85178c32cc\",\"Expression\":\"getDetails\"},{\"Id\":\"060edb01-f584-4572-a9f3-3e26714a0f51\",\"Expression\":\"userInfo\"},{\"Id\":\"d896192f-5c34-44f9-afe4-a6a75bf85e10\",\"Expression\":\"transaction\"},{\"Id\":\"618a53e3-463a-47e1-800e-60cef34ab25f\",\"Expression\":\"getInfo\"},{\"Id\":\"3af71dac-88cd-495c-908f-0b91c25ee536\",\"Expression\":\"firstname\"},{\"Id\":\"65b2df0b-65a1-4a62-9038-357fd7e45786\",\"Expression\":\"outMsg\"},{\"Id\":\"c03b9f82-9ca0-4c05-af3f-00d3b023a6fd\",\"Expression\":\"getInfo\"},{\"Id\":\"ab687940-2d03-4d9c-be92-74baa6943533\",\"Expression\":\"lastname\"},{\"Id\":\"250e3e1f-a44f-4073-aaac-a9810ceab659\",\"Expression\":\"getInfo\"}]}","ProjectBreakpoints":"{\"Value\":{}}","OpenedDocuments":"[]","LibraryProjectSettings":"{\"IncludeSourcesByDefault\":true,\"UseCSharpCompiler\":false,\"DefaultActivitiesRootCategories\":[null]}"}